internal_id,id,name,category,URI
1,quantaar,quantAAR,Packages and libraries,https://open-archaeo.info/post/quantaar
2,tabula,tabula,Packages and libraries,https://open-archaeo.info/post/tabula
3,tosca,tosca,Scripts,https://open-archaeo.info/post/tosca
4,cainterprtools,CAinterprTools,Packages and libraries,https://open-archaeo.info/post/cainterprtools
5,caseriation,CAseriation,Packages and libraries,https://open-archaeo.info/post/caseriation
6,binomial-co-occurrence-assessment,Binomial-Co-occurrence-Assessment,Scripts,https://open-archaeo.info/post/binomial-co-occurrence-assessment
7,kmeans,Kmeans,Scripts,https://open-archaeo.info/post/kmeans
8,brainerd-robinson-similarity-coefficient-and-sampling-error-assessment,Brainerd-Robinson-Similarity-Coefficient-and-Sampling-Error-Assessment,Scripts,https://open-archaeo.info/post/brainerd-robinson-similarity-coefficient-and-sampling-error-assessment
9,mean-ceramic-date-and-error-estimation,Mean-Ceramic-Date-and-Error-Estimation,Scripts,https://open-archaeo.info/post/mean-ceramic-date-and-error-estimation
10,bootstrap-correspondence-analysis,Bootstrap-Correspondence-Analysis,Scripts,https://open-archaeo.info/post/bootstrap-correspondence-analysis
11,ca,ca,Scripts,https://open-archaeo.info/post/ca
12,lisa,LISA,Scripts,https://open-archaeo.info/post/lisa
13,plc,PLC,Scripts,https://open-archaeo.info/post/plc
14,unconstrainedclustering,UnconstrainedClustering,Scripts,https://open-archaeo.info/post/unconstrainedclustering
15,basicmapping,BasicMapping,Scripts,https://open-archaeo.info/post/basicmapping
16,pointpattern,PointPattern,Scripts,https://open-archaeo.info/post/pointpattern
17,sindwem,sindwem,Packages and libraries,https://open-archaeo.info/post/sindwem
18,explographe,Explographe,Packages and libraries,https://open-archaeo.info/post/explographe
19,predictsource,predictSource,Packages and libraries,https://open-archaeo.info/post/predictsource
20,artifact-class-diversity,Artifact_Class_Diversity,Scripts,https://open-archaeo.info/post/artifact-class-diversity
21,ede-interpolation,ede_interpolation,Packages and libraries,https://open-archaeo.info/post/ede-interpolation
22,fuzzyviewshed,FuzzyViewshed,Packages and libraries,https://open-archaeo.info/post/fuzzyviewshed
23,qgis-visibility-analysis,QGIS-visibility-analysis,Packages and libraries,https://open-archaeo.info/post/qgis-visibility-analysis
24,senscape,senscape,Packages and libraries,https://open-archaeo.info/post/senscape
25,archaeolines,ArchaeoLines,Packages and libraries,https://open-archaeo.info/post/archaeolines
26,pathaar,pathAAR,Packages and libraries,https://open-archaeo.info/post/pathaar
27,transit,TRANSIT,Packages and libraries,https://open-archaeo.info/post/transit
29,qgis-topographic-networks,QGIS-topographic-networks,Packages and libraries,https://open-archaeo.info/post/qgis-topographic-networks
30,leastcostpath,leastcostpath,Packages and libraries,https://open-archaeo.info/post/leastcostpath
31,field-photographs,field-photographs,Packages and libraries,https://open-archaeo.info/post/field-photographs
32,archaeological-survey-location-collector,archaeological-survey-location-collector,Packages and libraries,https://open-archaeo.info/post/archaeological-survey-location-collector
33,arkgrid,ArkGrid,Packages and libraries,https://open-archaeo.info/post/arkgrid
34,trenchdrawer,trenchdrawer,Packages and libraries,https://open-archaeo.info/post/trenchdrawer
35,fieldwalkr,fieldwalkr,Packages and libraries,https://open-archaeo.info/post/fieldwalkr
36,arkscan,ArkScan,Standalone software,https://open-archaeo.info/post/arkscan
37,arkspatial,ArkSpatial,Packages and libraries,https://open-archaeo.info/post/arkspatial
38,sitedefinition,sitedefinition,Packages and libraries,https://open-archaeo.info/post/sitedefinition
39,arkmatrix,ArkMatrix,Packages and libraries,https://open-archaeo.info/post/arkmatrix
40,harris2graph,harris2graph,Packages and libraries,https://open-archaeo.info/post/harris2graph
41,harris-matrix-legacy,Harris-matrix-legacy,Packages and libraries,https://open-archaeo.info/post/harris-matrix-legacy
42,harris-matrix-tsdye,harris-matrix,Packages and libraries,https://open-archaeo.info/post/harris-matrix-tsdye
43,harris-matrix-semerj,harris-matrix,Standalone software,https://open-archaeo.info/post/harris-matrix-semerj
44,le-stratifiant,Le Stratifiant,Packages and libraries,https://open-archaeo.info/post/le-stratifiant
45,chronomodel,chronomodel,Standalone software,https://open-archaeo.info/post/chronomodel
46,aoristaar,aoristAAR,Packages and libraries,https://open-archaeo.info/post/aoristaar
47,archseries,archSeries,Packages and libraries,https://open-archaeo.info/post/archseries
48,stratigraphr,stratigraphr,Packages and libraries,https://open-archaeo.info/post/stratigraphr
49,archaeochron,ArchaeoChron,Packages and libraries,https://open-archaeo.info/post/archaeochron
50,archaeophases-archaeostat,ArchaeoPhases,Packages and libraries,https://open-archaeo.info/post/archaeophases-archaeostat
51,archaeophases-marieannevibet,ArchaeoPhases,Packages and libraries,https://open-archaeo.info/post/archaeophases-marieannevibet
52,chronophage,Chronophage,Packages and libraries,https://open-archaeo.info/post/chronophage
53,seriographe-eppm,Seriographe EPPM,Packages and libraries,https://open-archaeo.info/post/seriographe-eppm
54,zooarch,zooaRch,Packages and libraries,https://open-archaeo.info/post/zooarch
55,zooarchgui,zooaRchGUI,Packages and libraries,https://open-archaeo.info/post/zooarchgui
56,mortaar,mortAAR,Packages and libraries,https://open-archaeo.info/post/mortaar
57,crossbones,Crossbones,Standalone software,https://open-archaeo.info/post/crossbones
58,pollen-data-processing,pollen_data_processing,Scripts,https://open-archaeo.info/post/pollen-data-processing
59,ethnobotanyr,ethnobotanyR,Packages and libraries,https://open-archaeo.info/post/ethnobotanyr
60,chartool,CharTool,Standalone software,https://open-archaeo.info/post/chartool
61,tipom,tipom,Packages and libraries,https://open-archaeo.info/post/tipom
62,kotyle,kotyle,Packages and libraries,https://open-archaeo.info/post/kotyle
63,sdsbrowser,sdsbrowser,Scripts,https://open-archaeo.info/post/sdsbrowser
64,sdsanalysis,sdsanalysis,Packages and libraries,https://open-archaeo.info/post/sdsanalysis
65,rtefact,rtefact,Packages and libraries,https://open-archaeo.info/post/rtefact
66,lithic3dslicer,lithic3dslicer,Scripts,https://open-archaeo.info/post/lithic3dslicer
67,vessel-measuring-tool,Vessel-Measuring-Tool,Standalone software,https://open-archaeo.info/post/vessel-measuring-tool
68,bam,BAM,Standalone software,https://open-archaeo.info/post/bam
69,shapaar,shapAAR,Packages and libraries,https://open-archaeo.info/post/shapaar
70,artefact-morpho,artefact-morpho.R,Scripts,https://open-archaeo.info/post/artefact-morpho
71,ceramic-computation,ceramic-computation,Scripts,https://open-archaeo.info/post/ceramic-computation
72,synthkat,synthkat,Scripts,https://open-archaeo.info/post/synthkat
73,murature,murature,Packages and libraries,https://open-archaeo.info/post/murature
74,ceramatch,CeraMatch,Packages and libraries,https://open-archaeo.info/post/ceramatch
75,cuneipainter,CuneiPainter,Packages and libraries,https://open-archaeo.info/post/cuneipainter
76,recexcavaar,recexcavAAR,Packages and libraries,https://open-archaeo.info/post/recexcavaar
77,lithics3d,Lithics3D,Packages and libraries,https://open-archaeo.info/post/lithics3d
80,cherish,cherish,Standalone software,https://open-archaeo.info/post/cherish
81,meshlab,meshlab,Standalone software,https://open-archaeo.info/post/meshlab
82,rti,rti,Scripts,https://open-archaeo.info/post/rti
83,rtibuilder,RTIBuilder,Standalone software,https://open-archaeo.info/post/rtibuilder
84,rtiviewer,RTIViewer,Standalone software,https://open-archaeo.info/post/rtiviewer
86,photogrammetry-object-scannner,photogrammetry-object-scannner,Standalone software,https://open-archaeo.info/post/photogrammetry-object-scannner
87,arfloorplanapp,ARFloorPlanApp,Standalone software,https://open-archaeo.info/post/arfloorplanapp
88,arshm-release,arshm-release,Packages and libraries,https://open-archaeo.info/post/arshm-release
89,dronesurveyplanner,DroneSurveyPlanner,Packages and libraries,https://open-archaeo.info/post/dronesurveyplanner
90,benmarwickdy-xyz-data-on-an-irregular-grid-to-an-interpolated-raster,benmarwickDY-XYZ-data-on-an-irregular-grid-to-an-interpolated-raster.r,Scripts,https://open-archaeo.info/post/benmarwickdy-xyz-data-on-an-irregular-grid-to-an-interpolated-raster
91,al2o3-analysisapp,Al2O3_AnalysisApp,Scripts,https://open-archaeo.info/post/al2o3-analysisapp
92,luminescence,Luminescence,Packages and libraries,https://open-archaeo.info/post/luminescence
93,baylum,BayLum,Packages and libraries,https://open-archaeo.info/post/baylum
94,rlummodel,RLumModel,Packages and libraries,https://open-archaeo.info/post/rlummodel
95,rcarb,Rcarb,Packages and libraries,https://open-archaeo.info/post/rcarb
96,lumreader,LumReader,Packages and libraries,https://open-archaeo.info/post/lumreader
97,tldating,Tldating,Packages and libraries,https://open-archaeo.info/post/tldating
98,shiny-tldating,shiny_Tldating,Scripts,https://open-archaeo.info/post/shiny-tldating
99,drac-calculator,DRAC-calculator,Standalone software,https://open-archaeo.info/post/drac-calculator
100,shiny-drac,shiny_DRAC,Standalone software,https://open-archaeo.info/post/shiny-drac
101,rxylib,rxylib,Packages and libraries,https://open-archaeo.info/post/rxylib
102,osl-calibration,osl_calibration.r,Scripts,https://open-archaeo.info/post/osl-calibration
103,crp2a,crp2a,Packages and libraries,https://open-archaeo.info/post/crp2a
104,paleoxrf,paleoxrf,Packages and libraries,https://open-archaeo.info/post/paleoxrf
105,xrf,xrf,Packages and libraries,https://open-archaeo.info/post/xrf
106,cloudcal,CloudCal,Scripts,https://open-archaeo.info/post/cloudcal
107,naa-analytical-dashboard,NAA analytical dashboard,Scripts,https://open-archaeo.info/post/naa-analytical-dashboard
108,bchron,Bchron,Packages and libraries,https://open-archaeo.info/post/bchron
109,rcarbon,rcarbon,Packages and libraries,https://open-archaeo.info/post/rcarbon
110,iosacal,IOSACal,Standalone software,https://open-archaeo.info/post/iosacal
111,carbon14,carbon14,Packages and libraries,https://open-archaeo.info/post/carbon14
112,clustering-14c,clustering_14C,Packages and libraries,https://open-archaeo.info/post/clustering-14c
113,magaar,magAAR,Packages and libraries,https://open-archaeo.info/post/magaar
114,rgpr,RGPR,Packages and libraries,https://open-archaeo.info/post/rgpr
115,archiedb,archiedb,Standalone software,https://open-archaeo.info/post/archiedb
116,archaeology-object-data-collector-app,archaeology-object-data-collector-app,Packages and libraries,https://open-archaeo.info/post/archaeology-object-data-collector-app
117,ais,AIS,Standalone software,https://open-archaeo.info/post/ais
118,ark1,ARK1,Standalone software,https://open-archaeo.info/post/ark1
119,ark2,Ark2,Standalone software,https://open-archaeo.info/post/ark2
120,ark-addons,ark-addons,Standalone software,https://open-archaeo.info/post/ark-addons
121,profileaar,profileAAR,Packages and libraries,https://open-archaeo.info/post/profileaar
122,archjobcad,ArchJobCAD,Packages and libraries,https://open-archaeo.info/post/archjobcad
123,nervia,nervia,Standalone software,https://open-archaeo.info/post/nervia
124,pyarchinit,pyArchInit,Packages and libraries,https://open-archaeo.info/post/pyarchinit
125,tidypaleo,tidypaleo,Packages and libraries,https://open-archaeo.info/post/tidypaleo
126,historical-geocoding-assistant,historical-geocoding-assistant,Standalone software,https://open-archaeo.info/post/historical-geocoding-assistant
127,odkarchforms,ODKArchForms,Packages and libraries,https://open-archaeo.info/post/odkarchforms
128,e5,E5,Standalone software,https://open-archaeo.info/post/e5
129,dedalo,dedalo,Standalone software,https://open-archaeo.info/post/dedalo
130,ishtar,ishtar,Standalone software,https://open-archaeo.info/post/ishtar
131,stratibase,Stratibase,Standalone software,https://open-archaeo.info/post/stratibase
132,fiche-stratigraphique-numérique-(fsn),Fiche Stratigraphique Numérique (FSN),Standalone software,https://open-archaeo.info/post/fiche-stratigraphique-numérique-(fsn)
133,quari,QuARI,Scripts,https://open-archaeo.info/post/quari
134,paleocorer,paleocoreR,Packages and libraries,https://open-archaeo.info/post/paleocorer
138,cawd,cawd,Packages and libraries,https://open-archaeo.info/post/cawd
139,shkrdata,shkrdata,Packages and libraries,https://open-archaeo.info/post/shkrdata
140,archdata,archdata,Packages and libraries,https://open-archaeo.info/post/archdata
141,benmarwickopencontext,benmarwickopencontext.r,Scripts,https://open-archaeo.info/post/benmarwickopencontext
142,radiocarbon-scrapers,radiocarbon-scrapers,Scripts,https://open-archaeo.info/post/radiocarbon-scrapers
152,neotoma,neotoma,Packages and libraries,https://open-archaeo.info/post/neotoma
153,c14bazaar,c14bazAAR,Packages and libraries,https://open-archaeo.info/post/c14bazaar
154,paleofire,paleofire,Packages and libraries,https://open-archaeo.info/post/paleofire
157,archaeology-data-service,archaeology-data-service,Packages and libraries,https://open-archaeo.info/post/archaeology-data-service
158,munsell-plot,munsell-plot.R,Scripts,https://open-archaeo.info/post/munsell-plot
159,ceramic-frequency-date-plot,Ceramic-Frequency-Date-Plot,Scripts,https://open-archaeo.info/post/ceramic-frequency-date-plot
160,ford-diagram,Ford-Diagram,Scripts,https://open-archaeo.info/post/ford-diagram
161,osteogis,osteoGIS,Packages and libraries,https://open-archaeo.info/post/osteogis
162,munsell,munsell,Packages and libraries,https://open-archaeo.info/post/munsell
163,khroma,khroma,Packages and libraries,https://open-archaeo.info/post/khroma
164,rekrei,rekrei,Standalone software,https://open-archaeo.info/post/rekrei
165,archaeological-object-sharing,archaeological-object-sharing,Standalone software,https://open-archaeo.info/post/archaeological-object-sharing
166,open-context-py,open-context-py,Standalone software,https://open-archaeo.info/post/open-context-py
167,paleocore,paleocore,Standalone software,https://open-archaeo.info/post/paleocore
173,poseidon-framework,poseidon-framework,Standalone software,https://open-archaeo.info/post/poseidon-framework
174,totalopenstation,totalopenstation,Standalone software,https://open-archaeo.info/post/totalopenstation
176,totalstation-tools,totalstation-tools,Packages and libraries,https://open-archaeo.info/post/totalstation-tools
190,la-icp-ms-routines-fmnh,LA_ICP_MS-Routines_FMNH,Scripts,https://open-archaeo.info/post/la-icp-ms-routines-fmnh
200,anatolia-bibliography-map,anatolia-bibliography-map,Standalone software,https://open-archaeo.info/post/anatolia-bibliography-map
215,signboardr,signboardr,Packages and libraries,https://open-archaeo.info/post/signboardr
217,missing,missing,Scripts,https://open-archaeo.info/post/missing
218,soiltexture,soiltexture,Packages and libraries,https://open-archaeo.info/post/soiltexture
219,sparch,sparch,Packages and libraries,https://open-archaeo.info/post/sparch
220,mtreering,MtreeRing,Packages and libraries,https://open-archaeo.info/post/mtreering
221,qrcode-storage,qrcode-storage,Scripts,https://open-archaeo.info/post/qrcode-storage
222,gmamisc,GmAMisc,Packages and libraries,https://open-archaeo.info/post/gmamisc
223,qgis-scripts,QGIS-scripts,Packages and libraries,https://open-archaeo.info/post/qgis-scripts
224,sériation-de-matrice-en-présence-absence,Sériation de matrice en présence/absence,Scripts,https://open-archaeo.info/post/sériation-de-matrice-en-présence-absence
225,calibrator,calibrator,Standalone software,https://open-archaeo.info/post/calibrator
228,rintchron,rintchron,Packages and libraries,https://open-archaeo.info/post/rintchron
229,archeofrag,archeofrag,Packages and libraries,https://open-archaeo.info/post/archeofrag
230,opencontext,opencontext,Packages and libraries,https://open-archaeo.info/post/opencontext
232,allen-archaeology,allen.archaeology,Packages and libraries,https://open-archaeo.info/post/allen-archaeology
233,demjanp,demjanp,Packages and libraries,https://open-archaeo.info/post/demjanp
235,arkhe,arkhe,Packages and libraries,https://open-archaeo.info/post/arkhe
236,era,era,Packages and libraries,https://open-archaeo.info/post/era
237,tfqar,tfqar,Packages and libraries,https://open-archaeo.info/post/tfqar
239,arches,arches,Standalone software,https://open-archaeo.info/post/arches
241,admur,ADMUR,Packages and libraries,https://open-archaeo.info/post/admur
243,odk-forms-archaeology,ODK-forms-archaeology,Packages and libraries,https://open-archaeo.info/post/odk-forms-archaeology
245,fix-exif-artist,Fix-exif-artist,Scripts,https://open-archaeo.info/post/fix-exif-artist
247,expotime,expotime,Scripts,https://open-archaeo.info/post/expotime
248,zoolog,zoolog,Packages and libraries,https://open-archaeo.info/post/zoolog
249,iconr,iconr,Packages and libraries,https://open-archaeo.info/post/iconr
250,heurist,heurist,Standalone software,https://open-archaeo.info/post/heurist
251,anthropmmd,anthropmmd,Packages and libraries,https://open-archaeo.info/post/anthropmmd
252,rdss,rdss,Packages and libraries,https://open-archaeo.info/post/rdss
253,3d-organ,3D-ORGAN,Scripts,https://open-archaeo.info/post/3d-organ
255,unstruwwel,unstruwwel,Packages and libraries,https://open-archaeo.info/post/unstruwwel
256,max,MAX,Standalone software,https://open-archaeo.info/post/max
257,humanos,HumanOS,Packages and libraries,https://open-archaeo.info/post/humanos
258,archaide,ArchAIDE,Standalone software,https://open-archaeo.info/post/archaide
260,c14,c14,Packages and libraries,https://open-archaeo.info/post/c14
261,piwigo-3dhop,piwigo-3dhop,Packages and libraries,https://open-archaeo.info/post/piwigo-3dhop
262,rpaleoclim,rpaleoclim,Packages and libraries,https://open-archaeo.info/post/rpaleoclim
264,baydem,baydem,Packages and libraries,https://open-archaeo.info/post/baydem
265,allen-relations,allen-relations,Packages and libraries,https://open-archaeo.info/post/allen-relations
266,oxcaar,oxcAAR,Packages and libraries,https://open-archaeo.info/post/oxcaar
267,ctransmission,cTransmission,Packages and libraries,https://open-archaeo.info/post/ctransmission
268,nimblecarbon,nimbleCarbon,Packages and libraries,https://open-archaeo.info/post/nimblecarbon
269,neiman1995,neiman1995,Scripts,https://open-archaeo.info/post/neiman1995
270,skyscaper,skyscapeR,Packages and libraries,https://open-archaeo.info/post/skyscaper
271,fastmarching,fastmaRching,Packages and libraries,https://open-archaeo.info/post/fastmarching
273,seriation-mhahsler,seriation,Packages and libraries,https://open-archaeo.info/post/seriation-mhahsler
274,bleiglas,bleiglas,Packages and libraries,https://open-archaeo.info/post/bleiglas
276,neolithicr,neolithicR,Scripts,https://open-archaeo.info/post/neolithicr
277,idaifieldr,idaifieldR,Packages and libraries,https://open-archaeo.info/post/idaifieldr
278,idai-field,iDAI.field,Standalone software,https://open-archaeo.info/post/idai-field
279,datplot,datplot,Packages and libraries,https://open-archaeo.info/post/datplot
280,aoristic,aoristic,Packages and libraries,https://open-archaeo.info/post/aoristic
281,outliner-benmarwick,outliner,Packages and libraries,https://open-archaeo.info/post/outliner-benmarwick
282,outliner-yesdavid,outlineR,Packages and libraries,https://open-archaeo.info/post/outliner-yesdavid
283,thanados,THANADOS,Standalone software,https://open-archaeo.info/post/thanados
288,caddonet,caddonet,Standalone software,https://open-archaeo.info/post/caddonet
289,seriation-clipo,Seriation,Packages and libraries,https://open-archaeo.info/post/seriation-clipo
290,openatlas,OpenAtlas,Standalone software,https://open-archaeo.info/post/openatlas
291,statuaar,statuAAR,Packages and libraries,https://open-archaeo.info/post/statuaar
292,postaar-python,postAAR-python,Packages and libraries,https://open-archaeo.info/post/postaar-python
293,postaar,postAAR,Packages and libraries,https://open-archaeo.info/post/postaar
295,lecaar,lecAAR,Packages and libraries,https://open-archaeo.info/post/lecaar
296,dimensio,dimensio,Packages and libraries,https://open-archaeo.info/post/dimensio
298,yada,yada,Packages and libraries,https://open-archaeo.info/post/yada
299,paleocar,paleocar,Packages and libraries,https://open-archaeo.info/post/paleocar
300,the-southwestern-taphonomic-protocol,The Southwestern Taphonomic Protocol,Packages and libraries,https://open-archaeo.info/post/the-southwestern-taphonomic-protocol
301,tdar,tdar,Packages and libraries,https://open-archaeo.info/post/tdar
304,spartaas,SPARTAAS,Packages and libraries,https://open-archaeo.info/post/spartaas
305,bonify,Bonify,Standalone software,https://open-archaeo.info/post/bonify
306,alligator,Alligator,Standalone software,https://open-archaeo.info/post/alligator
307,geocore,geoCore,Packages and libraries,https://open-archaeo.info/post/geocore
309,tachy2gis,Tachy2GIS,Standalone software,https://open-archaeo.info/post/tachy2gis
310,bioanth,bioanth,Packages and libraries,https://open-archaeo.info/post/bioanth
315,roomaccum,RoomAccum,Standalone software,https://open-archaeo.info/post/roomaccum
316,babylonian-hours,babylonian-hours,Standalone software,https://open-archaeo.info/post/babylonian-hours
318,hammurabi-markov,hammurabi-markov,Standalone software,https://open-archaeo.info/post/hammurabi-markov
319,cleanc14,cleanc14,Packages and libraries,https://open-archaeo.info/post/cleanc14
321,tachy2gis-arch,Tachy2GIS_arch,Packages and libraries,https://open-archaeo.info/post/tachy2gis-arch
322,iraq-mortar,Iraq_mortar,Packages and libraries,https://open-archaeo.info/post/iraq-mortar
325,elementsourcing,ElementSourcing,Scripts,https://open-archaeo.info/post/elementsourcing
326,elemsource,elemSource,Packages and libraries,https://open-archaeo.info/post/elemsource
327,ceramicapportioning,CeramicApportioning,Scripts,https://open-archaeo.info/post/ceramicapportioning
328,kairos,kairos,Packages and libraries,https://open-archaeo.info/post/kairos
329,nexus,nexus,Packages and libraries,https://open-archaeo.info/post/nexus
330,transmissionbias,TransmissionBias,Packages and libraries,https://open-archaeo.info/post/transmissionbias
331,skeletal-sex-estimation,skeletal-sex-estimation,Scripts,https://open-archaeo.info/post/skeletal-sex-estimation
332,long-bone-diaphyseal-csg-toolkit,long-bone-diaphyseal-CSG-Toolkit,Scripts,https://open-archaeo.info/post/long-bone-diaphyseal-csg-toolkit
333,osteometric-sorting,osteometric-sorting,Scripts,https://open-archaeo.info/post/osteometric-sorting
334,skullanalyzer,skullanalyzer,Scripts,https://open-archaeo.info/post/skullanalyzer
335,cranial-sex-estimation-code,cranial-sex-estimation-code,Scripts,https://open-archaeo.info/post/cranial-sex-estimation-code
336,non-metric-trait-analysis,non-metric-trait-analysis,Scripts,https://open-archaeo.info/post/non-metric-trait-analysis
339,p2pperm,p2pPerm,Scripts,https://open-archaeo.info/post/p2pperm
340,near-presence-analysis,Near-Presence-Analysis,Scripts,https://open-archaeo.info/post/near-presence-analysis
341,arothron,Arothron,Packages and libraries,https://open-archaeo.info/post/arothron
342,csgr,CSGR,Scripts,https://open-archaeo.info/post/csgr
343,kriging,kriging,Scripts,https://open-archaeo.info/post/kriging
344,geostat,Geostat,Scripts,https://open-archaeo.info/post/geostat
345,spdates,spDates,Packages and libraries,https://open-archaeo.info/post/spdates
347,katun,katun,Standalone software,https://open-archaeo.info/post/katun
348,maya-calendar,maya-calendar,Standalone software,https://open-archaeo.info/post/maya-calendar
349,chronochrt,chronochrt,Packages and libraries,https://open-archaeo.info/post/chronochrt
351,arbodat,ArboDat,Standalone software,https://open-archaeo.info/post/arbodat
352,xronos,xronos.R,Packages and libraries,https://open-archaeo.info/post/xronos
354,archaeological-catalogue-from-csv-spreadsheet,Archaeological_Catalogue_from_CSV_Spreadsheet,Scripts,https://open-archaeo.info/post/archaeological-catalogue-from-csv-spreadsheet
360,intcal,IntCal,Packages and libraries,https://open-archaeo.info/post/intcal
361,scem,SCEM,Packages and libraries,https://open-archaeo.info/post/scem
362,marbleplan,marbleplan,Standalone software,https://open-archaeo.info/post/marbleplan
363,uniformprobabilitydensityanalysis,UniformProbabilityDensityAnalysis,Packages and libraries,https://open-archaeo.info/post/uniformprobabilitydensityanalysis
364,charcoalhearths,charcoalhearths,Packages and libraries,https://open-archaeo.info/post/charcoalhearths
366,p3k14c-data-scrubbing,p3k14c-data-scrubbing,Packages and libraries,https://open-archaeo.info/post/p3k14c-data-scrubbing
374,rock-art-transfer-learning,rock-art-transfer-learning,Packages and libraries,https://open-archaeo.info/post/rock-art-transfer-learning
375,uthwigl,UThwigl,Packages and libraries,https://open-archaeo.info/post/uthwigl
376,totalopenstationtoqgis,totalopenstationToQgis,Packages and libraries,https://open-archaeo.info/post/totalopenstationtoqgis
379,globalid-app,GlobaLID-App,Standalone software,https://open-archaeo.info/post/globalid-app
380,clam,clam,Packages and libraries,https://open-archaeo.info/post/clam
381,coffee,coffee,Packages and libraries,https://open-archaeo.info/post/coffee
382,rbacon,rbacon,Packages and libraries,https://open-archaeo.info/post/rbacon
383,pollencount,pollencount,Packages and libraries,https://open-archaeo.info/post/pollencount
384,openlidartoolbox,OpenLidarToolbox,Packages and libraries,https://open-archaeo.info/post/openlidartoolbox
385,pxrf,pXRF,Packages and libraries,https://open-archaeo.info/post/pxrf
386,nearpresence,nearpresence,Packages and libraries,https://open-archaeo.info/post/nearpresence
387,dacord,DACORD,Scripts,https://open-archaeo.info/post/dacord
388,racord,RACORD,Scripts,https://open-archaeo.info/post/racord
389,dplr,dplR,Packages and libraries,https://open-archaeo.info/post/dplr
390,xdater,xDateR,Packages and libraries,https://open-archaeo.info/post/xdater
391,kidstats,kidstats,Scripts,https://open-archaeo.info/post/kidstats
392,trauma,tRauma,Scripts,https://open-archaeo.info/post/trauma
394,pypofatu,pypofatu,Packages and libraries,https://open-archaeo.info/post/pypofatu
395,pygeoroc,pygeoroc,Packages and libraries,https://open-archaeo.info/post/pygeoroc
396,open-history-map,Open History Map,Standalone software,https://open-archaeo.info/post/open-history-map
397,hsv-api,hsv-api,Standalone software,https://open-archaeo.info/post/hsv-api
399,mask-uav,Mask_UAV,Packages and libraries,https://open-archaeo.info/post/mask-uav
405,sexest,SexEst,Packages and libraries,https://open-archaeo.info/post/sexest
406,web-geochemistry,web_geochemistry,Packages and libraries,https://open-archaeo.info/post/web-geochemistry
407,ithaca,ithaca,Packages and libraries,https://open-archaeo.info/post/ithaca
408,archchron,archchron,Packages and libraries,https://open-archaeo.info/post/archchron
410,c14-date-extractor,c14-date-extractor,Scripts,https://open-archaeo.info/post/c14-date-extractor
411,joint-disease-tool,joint-disease-tool,Packages and libraries,https://open-archaeo.info/post/joint-disease-tool
412,pdf-to-nested-xml,pdf-to-nested-xml,Scripts,https://open-archaeo.info/post/pdf-to-nested-xml
414,archaeo-crf,archaeo-CRF,Packages and libraries,https://open-archaeo.info/post/archaeo-crf
416,chronup,chronup,Packages and libraries,https://open-archaeo.info/post/chronup
417,recmod,recmod,Packages and libraries,https://open-archaeo.info/post/recmod
418,timeperiod2daterange,timeperiod2daterange,Scripts,https://open-archaeo.info/post/timeperiod2daterange
420,fellingdater,fellingDateR,Packages and libraries,https://open-archaeo.info/post/fellingdater
421,rock-art-radnet,rock-art-radnet,Packages and libraries,https://open-archaeo.info/post/rock-art-radnet
422,rock-art-ratopoviz,rock-art-ratopoviz,Packages and libraries,https://open-archaeo.info/post/rock-art-ratopoviz
423,anthrofun,anthroFun,Scripts,https://open-archaeo.info/post/anthrofun
424,arches-via-docker,arches-via-docker,Standalone software,https://open-archaeo.info/post/arches-via-docker
425,shootpoints-web,ShootPoints-Web,Standalone software,https://open-archaeo.info/post/shootpoints-web
426,quantatools,quantatools,Packages and libraries,https://open-archaeo.info/post/quantatools
427,bradypus,BraDypUS,Standalone software,https://open-archaeo.info/post/bradypus
429,archaeoastroinsight,ArchaeoAstroInsight,Packages and libraries,https://open-archaeo.info/post/archaeoastroinsight
430,pleistodist,PleistoDist,Packages and libraries,https://open-archaeo.info/post/pleistodist
431,pleistodistr,PleistoDistR,Packages and libraries,https://open-archaeo.info/post/pleistodistr
432,bioarch-r,BioArch_R,Packages and libraries,https://open-archaeo.info/post/bioarch-r
433,bioprofile,BioProfile,Packages and libraries,https://open-archaeo.info/post/bioprofile
436,tpq-composer,TPQ-Composer,Packages and libraries,https://open-archaeo.info/post/tpq-composer
437,artifacts-analyzer,Artifacts-Analyzer,Packages and libraries,https://open-archaeo.info/post/artifacts-analyzer
439,chronolog,ChronoLog,Standalone software,https://open-archaeo.info/post/chronolog
441,digss,DIGSS,Packages and libraries,https://open-archaeo.info/post/digss
442,archaeosrp,archaeosrp,Packages and libraries,https://open-archaeo.info/post/archaeosrp
443,ancient-artifacts,ancient-artifacts,Packages and libraries,https://open-archaeo.info/post/ancient-artifacts
444,roev,roev,Packages and libraries,https://open-archaeo.info/post/roev
445,aoristic-analysis,aoristic-analysis,Packages and libraries,https://open-archaeo.info/post/aoristic-analysis
446,seahors,SEAHORS,Packages and libraries,https://open-archaeo.info/post/seahors
447,shoredate,shoredate,Packages and libraries,https://open-archaeo.info/post/shoredate
448,civ5-prehistoric,civ5-prehistoric,Standalone software,https://open-archaeo.info/post/civ5-prehistoric
449,archeoviz,archeoViz,Packages and libraries,https://open-archaeo.info/post/archeoviz
451,chronos,chronos,Packages and libraries,https://open-archaeo.info/post/chronos
452,excavation-data-viewer,Excavation_data_viewer,Packages and libraries,https://open-archaeo.info/post/excavation-data-viewer
453,archaeology-lili0824,ARchaeology,Standalone software,https://open-archaeo.info/post/archaeology-lili0824
454,stoneadvisor,StoneAdvisor,Standalone software,https://open-archaeo.info/post/stoneadvisor
455,3d-edgeangle,3D_EdgeAngle,Packages and libraries,https://open-archaeo.info/post/3d-edgeangle
456,isopleuros,isopleuros,Packages and libraries,https://open-archaeo.info/post/isopleuros
457,zooarchmixmod,ZooarchMixMod,Packages and libraries,https://open-archaeo.info/post/zooarchmixmod
458,archaeocal,ArchaeoCal,Packages and libraries,https://open-archaeo.info/post/archaeocal
459,archaeodata,ArchaeoData,Packages and libraries,https://open-archaeo.info/post/archaeodata
460,aion,aion,Packages and libraries,https://open-archaeo.info/post/aion
461,alkahest,alkahest,Packages and libraries,https://open-archaeo.info/post/alkahest
462,akkademia,Akkademia,Packages and libraries,https://open-archaeo.info/post/akkademia
463,teethr,teethr,Packages and libraries,https://open-archaeo.info/post/teethr
464,morphotype,morphotype,Packages and libraries,https://open-archaeo.info/post/morphotype
465,morphotypeshiny,morphotypeShiny,Packages and libraries,https://open-archaeo.info/post/morphotypeshiny
467,archeos,ArcheOS,Standalone software,https://open-archaeo.info/post/archeos
468,archeoshape,ArcheoShape,Standalone software,https://open-archaeo.info/post/archeoshape
469,archaeolphytoliths,ArchaeolPhytoliths,Packages and libraries,https://open-archaeo.info/post/archaeolphytoliths
470,14c-power-sensitivity,14C-power-sensitivity,Packages and libraries,https://open-archaeo.info/post/14c-power-sensitivity
471,edm,EDM,Packages and libraries,https://open-archaeo.info/post/edm
472,edmwin,EDMWIN,Packages and libraries,https://open-archaeo.info/post/edmwin
473,fabryka,fabryka,Scripts,https://open-archaeo.info/post/fabryka
474,3d-spatial-ripley-analyses,3d_spatial_ripley_analyses,Scripts,https://open-archaeo.info/post/3d-spatial-ripley-analyses
476,scroll-viewer,Scroll Viewer,Standalone software,https://open-archaeo.info/post/scroll-viewer
477,mobest,mobest,Packages and libraries,https://open-archaeo.info/post/mobest
478,vici-org,vici.org,Standalone software,https://open-archaeo.info/post/vici-org
479,pastclim,pastclim,Packages and libraries,https://open-archaeo.info/post/pastclim
480,currycarbon,currycarbon,Standalone software,https://open-archaeo.info/post/currycarbon
481,morphalr,morphalr,Packages and libraries,https://open-archaeo.info/post/morphalr
482,extendedmatrix,ExtendedMatrix,Standalone software,https://open-archaeo.info/post/extendedmatrix
483,3d-survey-collection,3D-survey-collection,Packages and libraries,https://open-archaeo.info/post/3d-survey-collection
484,em-blender-tools,EM-blender-tools,Packages and libraries,https://open-archaeo.info/post/em-blender-tools
487,coccionceramica,CoccionCeramica,Packages and libraries,https://open-archaeo.info/post/coccionceramica
489,rockart-textanalysis,rockart-textanalysis,Packages and libraries,https://open-archaeo.info/post/rockart-textanalysis
490,weedeco,WeedEco,Packages and libraries,https://open-archaeo.info/post/weedeco
491,croppro,CropPro,Packages and libraries,https://open-archaeo.info/post/croppro
492,ruby-radiocarbon,ruby-radiocarbon,Packages and libraries,https://open-archaeo.info/post/ruby-radiocarbon
493,dendronetwork,dendroNetwork,Packages and libraries,https://open-archaeo.info/post/dendronetwork
494,abma-tutorials,ABMA_tutorials,Standalone software,https://open-archaeo.info/post/abma-tutorials
495,quantum-archeo,quantum-archeo,Scripts,https://open-archaeo.info/post/quantum-archeo
496,chrongler,chrongler,Packages and libraries,https://open-archaeo.info/post/chrongler
498,arqub,ARQUB,Scripts,https://open-archaeo.info/post/arqub
499,mafa,mafa,Packages and libraries,https://open-archaeo.info/post/mafa
501,sitesyncro,SiteSyncro,Packages and libraries,https://open-archaeo.info/post/sitesyncro
502,baorista,baorista,Packages and libraries,https://open-archaeo.info/post/baorista
503,crom,crom,Packages and libraries,https://open-archaeo.info/post/crom
504,carbondate,carbondate,Packages and libraries,https://open-archaeo.info/post/carbondate
505,rjradiocarbon,RJradiocarbon,Packages and libraries,https://open-archaeo.info/post/rjradiocarbon
508,neonet,neonet,Packages and libraries,https://open-archaeo.info/post/neonet
509,c14intervals,c14Intervals,Packages and libraries,https://open-archaeo.info/post/c14intervals
510,surveyer,SurveyeR,Packages and libraries,https://open-archaeo.info/post/surveyer
511,cran-jsdne,cran-JSDNE,Packages and libraries,https://open-archaeo.info/post/cran-jsdne
512,eratosthenes,eratosthenes,Packages and libraries,https://open-archaeo.info/post/eratosthenes
513,lakhesis,lakhesis,Packages and libraries,https://open-archaeo.info/post/lakhesis
514,archaeomag,ArchaeoMag,Standalone software,https://open-archaeo.info/post/archaeomag
515,autarch,AutArch,Standalone software,https://open-archaeo.info/post/autarch
518,paleographic-networks,paleographic-networks,Packages and libraries,https://open-archaeo.info/post/paleographic-networks
525,chronologr,chronologr,Packages and libraries,https://open-archaeo.info/post/chronologr
526,carbonara-poc,carbonara_poc,Packages and libraries,https://open-archaeo.info/post/carbonara-poc
527,tempo,tempo,Packages and libraries,https://open-archaeo.info/post/tempo
528,arqueologiasvg,arqueologiaSVG,Standalone software,https://open-archaeo.info/post/arqueologiasvg
529,transect-calculator,Transect-Calculator,Scripts,https://open-archaeo.info/post/transect-calculator
530,photocaptiontool,PhotoCaptionTool,Scripts,https://open-archaeo.info/post/photocaptiontool
531,granulizer,granulizeR,Standalone software,https://open-archaeo.info/post/granulizer
532,osa-transcriber,OSA-Transcriber,Standalone software,https://open-archaeo.info/post/osa-transcriber
533,happydigger,happydigger,Standalone software,https://open-archaeo.info/post/happydigger
